1,aligned-images/antoine/IMG_0458.png
1,aligned-images/antoine/IMG_1396.png
1,aligned-images/antoine/IMG_1102.png
2,aligned-images/benjamin/IMG_1392.png
2,aligned-images/benjamin/IMG_0716.png
2,aligned-images/benjamin/IMG_0605.png
3,aligned-images/dsc/dsc_0.png
4,aligned-images/james/james-2.png
4,aligned-images/james/carell-1.png
4,aligned-images/james/james-1.png
5,aligned-images/kete/kete_12.png
5,aligned-images/kete/kete_23.png
5,aligned-images/kete/kete_18.png
5,aligned-images/kete/kete_24.png
5,aligned-images/kete/kete_0.png
5,aligned-images/kete/kete_22.png
5,aligned-images/kete/kete_9.png
5,aligned-images/kete/kete_17.png
5,aligned-images/kete/kete_19.png
5,aligned-images/kete/kete_13.png
5,aligned-images/kete/kete_14.png
5,aligned-images/kete/kete_20.png
5,aligned-images/kete/kete_1.png
5,aligned-images/kete/kete_16.png
5,aligned-images/kete/kete_25.png
5,aligned-images/kete/kete_11.png
5,aligned-images/kete/kete_3.png
5,aligned-images/kete/kete_2.png
5,aligned-images/kete/kete_5.png
5,aligned-images/kete/kete_7.png
5,aligned-images/kete/kete_8.png
5,aligned-images/kete/kete_10.png
5,aligned-images/kete/kete_21.png
5,aligned-images/kete/kete_4.png
5,aligned-images/kete/kete_6.png
5,aligned-images/kete/kete_15.png
6,aligned-images/Kete jiang/Kete jiang_2.png
6,aligned-images/Kete jiang/Kete jiang_1.png
6,aligned-images/Kete jiang/Kete jiang_0.png
7,aligned-images/mathieu/IMG_1430.png
7,aligned-images/mathieu/IMG_1491.png
7,aligned-images/mathieu/IMG_1465.png
7,aligned-images/mathieu/IMG_1466.png
7,aligned-images/mathieu/IMG_1482.png
7,aligned-images/mathieu/IMG_1468.png
7,aligned-images/mathieu/IMG_1472.png
7,aligned-images/mathieu/IMG_1485.png
7,aligned-images/mathieu/IMG_1477.png
7,aligned-images/mathieu/IMG_1469.png
7,aligned-images/mathieu/IMG_1461.png
7,aligned-images/mathieu/IMG_1480.png
7,aligned-images/mathieu/IMG_1493.png
7,aligned-images/mathieu/IMG_1467.png
7,aligned-images/mathieu/IMG_1486.png
7,aligned-images/mathieu/IMG_1460.png
7,aligned-images/mathieu/IMG_1488.png
7,aligned-images/mathieu/IMG_1479.png
7,aligned-images/mathieu/IMG_1492.png
7,aligned-images/mathieu/IMG_1489.png
7,aligned-images/mathieu/IMG_1471.png
7,aligned-images/mathieu/IMG_1459.png
7,aligned-images/mathieu/IMG_1490.png
7,aligned-images/mathieu/IMG_1473.png
7,aligned-images/mathieu/IMG_1476.png
7,aligned-images/mathieu/IMG_1463.png
7,aligned-images/mathieu/IMG_1483.png
7,aligned-images/mathieu/IMG_1487.png
7,aligned-images/mathieu/IMG_1475.png
7,aligned-images/mathieu/IMG_1481.png
7,aligned-images/mathieu/IMG_1496.png
7,aligned-images/mathieu/IMG_1484.png
7,aligned-images/mathieu/IMG_1474.png
7,aligned-images/mathieu/IMG_1494.png
7,aligned-images/mathieu/IMG_1464.png
7,aligned-images/mathieu/IMG_1495.png
7,aligned-images/mathieu/IMG_1462.png
8,aligned-images/unknown/8-08.png
8,aligned-images/unknown/8-13.png
8,aligned-images/unknown/8-09.png
8,aligned-images/unknown/8-04.png
8,aligned-images/unknown/8-11.png
8,aligned-images/unknown/8-01.png
8,aligned-images/unknown/8-12.png
8,aligned-images/unknown/8-05.png
8,aligned-images/unknown/8-10.png
8,aligned-images/unknown/8-14.png
8,aligned-images/unknown/8-02.png
8,aligned-images/unknown/unknown_15.png
8,aligned-images/unknown/unknown_14.png
8,aligned-images/unknown/8-03.png
8,aligned-images/unknown/8-06.png
8,aligned-images/unknown/8-07.png
